,,,,,,,,,,,,,,,,,
,name,builder,value,owner,flag,year_delivered,refit,length,beam,gross_tonnage,cruising_speed,top_speed,naval_architect,exterior_designer,interior_designer,rank,profile_picture
,Azzam,Lürssen Yachts (Germany),600 000 000 $,Mohammed bin Zayed Al Nahyan,United Arab Emirates,2013,,180.61m,20.8m,"13,136",12 kn,33 kn,Lürssen Yachts (Germany),Nauta Yachts S.R.L (Italy),Christophe Leoni (France),1,https://image.yachtcharterfleet.com/w1277/h618/qh/ca/m2/k1aa9e49e/vessel/resource/124097/charter-azzam-yacht.jpg
,Fulk Al Salamah,Mariotti Yachts (Italy),500 000 000 $,Sultan Haitam bin Tariq of Oman ,Oman,2016,,164m,28m,"11,000",15 kn,22 kn,Mariotti Yachts (Italy),Mariotti Yachts (Italy),Mariotti Yachts (Italy),2,https://image.yachtcharterfleet.com/w1277/h618/qh/ca/m2/kd474b1d5/vessel/resource/384707/charter-fulk-al-salamah-yacht.jpg
,Eclipse ,Blohm & Voss (Germany),700 000 000 $,Roman Abramovich (Russian),Bermuda,2010,2015,162.5m,22m,"13,500",20 kn,21 kn,Blohm & Voss (Germany),Terence Disdale (United Kingdom),Terence Disdale (United Kingdom),3,https://cdn.boatinternational.com/files/2021/05/cb78e590-b322-11eb-b59b-bfd1177c77f4-eclipse-exterior-do-not-use-outside-feature.jpg
,Dubai,Platinum (United Arab Emirates),500 000 000 $,Sheikh Mohammed,United Arab Emirates,2006,,162m,22m,"12,488",22 kn ,26 kn,Lürssen Yachts (Germany) & Blohm & Voss (Germany),Winch Design (United Kingdom),Winch Design (United Kingdom) & Nakheel Interiors (United Arab Emirates),4,"https://i6.superyachts.com/yacht-resource/4800?w=1400&h=912&t=62&r=1400&b=789&l=0&o=w%7B2%7Dcc%7B0,62,1400,789%7D "
,Blue,Lürssen Yachts (Germany),600 000 000 $,Sheikh Mansour bin Zayed al Nahyan,Cayman Islands,2022,,160.6m,22.5m,"14,785",18 kn ,20 kn,Lürssen Yachts (Germany),Terence Disdale (United Kingdom),Terence Disdale (United Kingdom),5,https://cdn.boatinternational.com/files/2022/07/4ada3cf0-fb73-11ec-a7d3-312ba35b37a1-project-blue-delivered.jpg 
,Dilbar,Lürssen Yachts (Germany),800 000 000 $ ,Alisher Umanov (Russian),Cayman Islands,2016,,156m,23.5m,"15,917",18 kn ,22.5 kn,Lürssen Yachts (Germany),Espen Oeino International (Monaco),Winch Design (United Kingdom)  ,6,https://photos.superyachtapi.com/download/121447/large
,Al Said,Lürssen Yachts (Germany),600 000 000 $,Royal Family of Qatar,Oman,2008,,155m,24m,"15,850",,22 kn,Lürssen Yachts (Germany),Espen Oeino International (Monaco),RWD (United Kingdom),7,"https://i6.superyachts.com/yacht-resource/10244?w=1200&h=797&t=61&r=1200&b=676&l=0&o=w%7B2%7Dcc%7B0,61,1200,676%7D "
,El Mahrousa,Samuda (United Kingdom),,Egyptian Government,Egypt,1865,,150.57m,13m,"4,560",13 kn ,16 kn,Sir Oliver Lang (England),Sir Oliver Lang (United Kingdom),,8,https://www.charterworld.com/images/yachts-1/Mahroussa%202.jpg 
,A +,Lürssen Yachts (Germany),450 000 000 $,Crown Prince Mohammed bin Salman of Saudi Arabia,Cayman Islands,2012,,147.25m,21.5m,"12,532",19.5 kn,22.9 kn,Lürssen Yachts (Germany),Tim Heywood Design (United Kingdom),Terence Disdale (United Kingdom),9,https://photos.superyachtapi.com/download/285779/large 
,Prince Abdulaziz,Helsingor Vaerft (Denmark),100 000 000 $,Prince Abdul Aziz bin Saud (member of the Saudi royal family),Marshall Islands,1984,2007,147.01m,18.3m,"8,233",18 kn ,22 kn,Maierform Maritime Technology (Germany),Maierform Maritime Technology (Germany),David Hicks (United Kingdom),10,https://cdn.boatinternational.com/images/20160317/1-105175l-2560x1440.jpg 
,Opera,Lürssen Yachts (Germany),450 000 000 $,Sheikh Abdullah bin Zayed Al Nahyan (member of the United Arab Emirates' founding family),Cayman Islands,2023,,146.35m,20m,"12,518",18 kn ,22 kn,Lürssen Yachts (Germany),Terence Disdale (United Kingdom),Terence Disdale (United Kingdom),11,https://cdn.boatinternational.com/files/2022/09/f1a82bc0-38c0-11ed-bfd2-9b397c39c72d-opera-yacht-undrway.jpg 
,Ok,Oshima Shipbuilding (Japan),,,Liberia,1982,Karmarine (Turkey) in 2022,146m,32.01m,"11,296",11.6 kn,13 kn,Oshima Shipbuilding  (Japan),Bozca Design (Turkey),,12,https://s1.cdn.autoevolution.com/images/news/gallery/the-highly-unorthodox-and-semi-submersible-ok-superyacht-is-recycling-done-right_5.jpg 
,Sailing Yacht A,Nobiskrug (Germany),600 000 000 $,Andrey Melnichenko (Russian),Sierra Leone,2017,,142.81m,24.88m,"12,700",14 kn ,21 kn,Nobiskrug (Germany) & Dykstra Naval Architects (The Netherlands),Philippe Starck (France),Philippe Starck (France),13,https://photos.superyachtapi.com/download/8511/large 
,Dragonfly,Lürssen Yachts (Germany),450 000 000 $,Sergey Brin (Russian),Cayman Islands,2024,,142.08m,20m,"9,408",,24 kn,Lürssen Yachts (Germany),German Frers (Argentina),Nauta design (Italy),14,https://image.yachtcharterfleet.com/w1277/h618/qh/ca/m2/k7d7a2ca2/vessel/resource/2790658/charter-dragonfly-yacht.jpg 
,Scheherazade,Lürssen Yachts (Germany),700 000 000 $,Eduard Khudainatov (Russian),Malaysia,2020,,141.96m,23.3m,"10,167",16 kn,18 kn,Lürssen Yachts (Germany),Espen Oeino International (Monaco),François Zuretti (France),15,https://photos.superyachtapi.com/download/120948/large 
,Nord,Lürssen Yachts (Germany),500 000 000 $,Alexei Mordashov (Russian),Russian Federation,2021,,141.6m,19.5m,"10,154",15 kn,20 kn,Lürssen Yachts (Germany),Nuvolari Lenard (Italy),Nuvolari Lenard (Italy),16,https://cdn.boatinternational.com/files/2022/02/f6a42db0-909e-11ec-8243-9767fcd90f80-nord-credit-lester-prea-1.jpg 
,Yas,De Schelde (The Netherlands),180 000 000 $,Sheikh Hamdan bin Zayed al Nahyan (member of the Abu Dhabi royal family),Cayman Islands,2012,2020,141m,14.6m,"5,002",22 kn ,26 kn,Pierrejean Design Studio (France) & De Schelde (The Netherlands),Pierrejean Design Studio (France),Pierrejean Design Studio (France),17,https://cdn.boatinternational.com/convert/files/2021/10/b4324120-359e-11ec-8740-f3a33522d767-Yas-yacht-Peter-Seyfferth009.jpg/r%5Bwidth%5D=1920/b4324120-359e-11ec-8740-f3a33522d767-Yas-yacht-Peter-Seyfferth009.jpg 
,Ocean Victory,Fincantieri (Italy),300 000 000 $,Viktor Rashnikov (Russian),Cayman Islands,2014,,140m,20m,"8,506",18 kn ,25 kn,Espen Oeino International (Monaco),Espen Oeino International (Monaco),Alberto Pinto (France),18,https://www.filepicker.io/api/file/oTRnUxGMQTmYQLgYXkcs 
,Solaris,Lloyd Werft (Germany),600 000 000 $,Roman Abramovich (Russian),Bermuda,2021,,139.7m,22m,"11,247",15 kn,18 kn,Marc Newson (Australia),Marc Newson (Australia),Marc Newson (Australia),19,https://cdn.boatinternational.com/convert/files/2021/10/0b435910-3705-11ec-b058-15f381fc9477-Solaris-spotted.jpg/r%5Bwidth%5D=1920/0b435910-3705-11ec-b058-15f381fc9477-Solaris-spotted.jpg 
,Al Salamah,Lürssen Yachts (Germany),280 000 000 $,Royal Family of Saudi Arabia,Saudi Arabia,1999,,139.29m,23.5m,"12,234",17 kn,21.5 kn,Lürssen Yachts (Germany),Terence Disdale (United Kingdom),Terence Disdale (United Kingdom),20,https://www.superyachtfan.com/wp-content/uploads/2020/10/Al-Salamah-yacht-9.jpg 
,Luminance ,Lürssen Yachts (Germany),500 000 000 $,Rinat Akhmetov (Ukrainian),Cayman Islands,2024,,138.8m,20m,"9,861",15 kn,20 kn,Lürssen Yachts (Germany),Espen Oeino International (Monaco),François Zuretti (France),21,https://photos.superyachtapi.com/download/286165/large 
,Rising Sun,Lürssen Yachts (Germany),400 000 000 $,David Geffen (American),Cayman Islands,2004,,138.01m,19m,"7,600",26 kn,30 kn,Lürssen Yachts (Germany),Jon Bannenberg (Australia/British),Laura Seccombe (USA),22,https://photos.superyachtapi.com/download/202258/large 
,Dhafi,Bremer Vulkan (Germany),,,Comoros,1987,,136.34m,21.04m,"10,797",19 kn,21 kn,Bremer Vulkan (Germany),Three Quays Marine (United Kingdom),,23,https://photos.superyachtapi.com/download/1009/large 
,Flying Fox,Lürssen Yachts (Germany),400 000 000 $,Dmitry Kamenshchik (Russian),Malaysia,2019,,136m,20.5m,"9,100",10 kn,20 kn,Lürssen Yachts (Germany),Espen Oeino International (Monaco),Mark Berryman (United Kingdom),24,https://cdn.lurssen.com/images/new-build/the-yachts/flying-fox/header.jpg 
,Savarona ,Blohm & Voss (Germany),100 000 000 $,Government of Turkey ,Turkey,1931,1989,135.94m,16.12m,"4,701",16 kn,18 kn,Gibbs & Cox (USA),Gibbs & Cox (USA),Donald Starkey (USA),25,https://cdn.boatinternational.com/convert/files/2024/08/0a5df170-54b4-11ef-a1e1-67fb0fe4b074-savarona-refit-3.jpg/r%5Bwidth%5D=1920/0a5df170-54b4-11ef-a1e1-67fb0fe4b074-savarona-refit-3.jpg 
,Crescent,Lürssen Yachts (Germany),600 000 000 $,Igor Sechin (Russian),Cayman Islands,2018,,135.5m,21m,"9,194",12 kn,18 kn,Lürssen Yachts (Germany),Espen Oeino International (Monaco),François Zuretti (France),26,https://image.yachtcharterfleet.com/w1450/h580/qh/cs0-256-1900-760/kab47e930/article/content/1685280/135m-lurssen-m-y-crescent-ex-project-thunder-delivered.jpg 
,Serene,Fincantieri (Italy),400 000 000 $,Crown Prince Mohammed bin Salman of Saudi Arabia,Cayman Islands,2011,,133.9m,18.6m,"8,231",14 kn ,18 kn,Espen Oeino International (Monaco),Espen Oeino International (Monaco),Reymond Langton Design (United Kingdom),27,https://cdn.boatinternational.com/files/2020/12/8f84d000-3bd9-11eb-957a-6996e21593a4-top-25-serene-credit-Marc-Paris.jpg 
,Al Mirqab,Peterswerft - Kusch (Germany),300 000 000 $,Sheikh Hamad bin Jassim bin Jaber al Thani (Qatar),Cayman Islands,2008,2014,133m,19.5m,"5,000",17 kn,20 kn,Kusch Yachts (Germany),Tim Heywood Design (United Kingdom),Winch Design (United Kingdom)  ,28,https://cdn.boatinternational.com/files/2021/10/1a6536d0-2da4-11ec-9e73-7dbc9065f39b-Al-Mirqab-PeterSeyfferth-yacht.jpg 
,Octopus,Lürssen Yachts (Germany),285 000 000 $,Roger Samuelsson (Swedish),Cayman Islands,2003,,126.2m,21.01m,"9,932",17 kn,19 kn,Espen Oeino International (Monaco),Espen Oeino International (Monaco),Jonathan Quinn Barnett (USA) & Monk Design (Switzerland),29,https://www.eyos-expeditions.com/wp-content/uploads/2023/08/1-OctopusxAntarctica2023-MosaicStudiosMattHardy-EYOS-500-1920x1080-LR.jpeg 
,Koru,Oceanco (The Netherlands),250 000 000 $,Jeff Bezos (American),Cayman Islands,2023,,125.82m,17.2m,"3,493",15 kn ,17 kn,Lateral Naval Architects (United Kingdom) & Dykstra Naval Architects (The Netherlands),Dykstra Naval Architects (The Netherlands),"Mlinaric, Henry & Zervudachi (United Kingdom)",30,https://cdn.boatinternational.com/files/2023/04/57ee2780-d92b-11ed-97e8-432aa6232e01-bezos-yacht-koru0underway.jpg 
,Britannia,Brown J (United Kingdom),,British Government,United Kingdom,1954,,125.64m,16.8m,"5,769",21 kn,22.8 kn,Dr. John Brown (United Kingdom),Dr. John Brown (United Kingdom),Sir Hugh Casson (United Kingdom),31,https://photos.superyachtapi.com/download/193964/large 
,Maryah,Elefsis Shipyard (Greece),250 000 000 $,Sheikh Tahnoon bin Zayed al Nahyan (member of the Abu Dhabi royal family),Cayman Islands,2014,,125m,17m,"5,650",15 kn,18 kn,Naos Ship & Boat Design (Italy),H2 Yacht Design (United Kingdom),H2 Yacht Design (United Kingdom),32,"https://i6.superyachts.com/yacht-resource/27548?w=4096&h=2556&t=2&r=4095&b=2308&l=1&o=w%7B2%7Dcc%7B1,2,4095,2308%7D "
,Katara,Lürssen Yachts (Germany),400 000 000 $,Sheikh Hamad bin Khalifa Al Thani (former Emir of Qatar),Qatar,2010,2016 after a fire in engine room,124.4m,19.5m,"8,010",16 kn,20 kn,Lürssen Yachts (Germany),Espen Oeino International (Monaco),Alberto Pinto (France),33,https://cdn.lurssen.com/images/new-build/the-yachts/katara/header.jpg 
,Golden Odyssey,Lürssen Yachts (Germany),150 000 000 $,Chinese billionaire (for sale since September 2024),Bermuda,2015,2023,123.2m,20m,"7,600",11 kn,21 kn,Lürssen Yachts (Germany),Martin Francis (United Kingdom),Alberto Pinto (France),34,https://www.burgessyachts.com/web/vb/crop/5124908/y_-1_full.jpg?width=1200&format=webp&quality=60
,Al Lusail,Lürssen Yachts (Germany),500 000 000 $,Sheikh Tamim bin Hamad al Thani (Emir of Qatar),Qatar,2017,,123m,20m,"8,514",12 kn,19 kn,Lürssen Yachts (Germany),H2 Yacht Design (United Kingdom),March & White (United Kingdom),35,https://www.superyachtfan.com/wp-content/uploads/2020/10/yacht-al-lusail-6.jpg 
,Kismet,Lürssen Yachts (Germany),360 000 000 $,Shahid Khan (American),Marshall Islands,2024,,122m,17m,"4,918",,18 kn,Lürssen Yachts (Germany),Nuvolari Lenard (Italy),Reymond Langton Design (United Kingdom),36,"https://www.jacksonville.com/gcdn/authoring/authoring-images/2024/11/12/NFTU/76222516007-jki-111224-khan-yacht-14.jpg?crop=5999,3375,x0,y312&width=3200&height=1801&format=pjpg&auto=webp "
,Alexander,Lubecker Flender-Werke (Germany),150 000 000 $,Royal Family of Saudi Arabia,Malta,1965,,121.95m,16.9m,"5,933",16 kn,18 kn,Lubecker Flender-Werke (Germany),Lubecker Flender-Werke (Germany),Lubecker Flender-Werke (Germany),37,https://cdn.boatinternational.com/images/20160331/2-71465l-2560x1440.jpg 
,Project Y910,Stocznia Gdynia (Poland),,,,1990,,120m,17.4m,"6,000",,,McFarlane ShipDesign (Monaco),Cor D. Rover Design (The Netherlands),Winch Design (United Kingdom)  ,38,https://cdn.boatinternational.com/files/2021/08/a228a930-ff37-11eb-ad88-6301f032ecb4-project-y910-1.jpg 
,J7 Explorer,PT Bahtera Bahari (Indonesia),,,Indonesia,2022,,120m,18m,"8,076",12 kn,16 kn,PT Bahtera Bahari (Indonesia),,Grain & Green (Indonesia),39,https://cdn.boatinternational.com/convert/files/2025/03/20bce520-001c-11f0-8e21-8bb3249928bd-j7%20explorer-%2015136.JPG/r%5Bwidth%5D=1920/20bce520-001c-11f0-8e21-8bb3249928bd-j7%20explorer-%2015136.JPG 
,Motor Yacht A,Blohm & Voss (Germany),300 000 000 $,Andrey Melnichenko (Russian),Malaysia,2008,,119m,18.87m,"5,959",19 kn,23 kn,"Martin Francis (United Kingdom), Blohm & Voss (Germany)",Philippe Starck (France),Philippe Starck (France),40,"https://i6.superyachts.com/yacht-resource/31233?w=2000&h=1328&t=201&r=2000&b=1127&l=0&o=w%7B2%7Dcc%7B0,201,2000,1127%7D "
,Breakthrough,Feadship (The Netherlands),675 000 000 $,Bill Gates (American),Cayman Islands,2025,,118.8m,19m,"7,295",,17 kn,De Voogt Naval Architects (The Netherlands),RWD (United Kingdom),RWD (United Kingdom),41,https://photos.superyachtapi.com/download/334261/large 
,Liva O,Abeking & Rasmussen (Germany),250 000 000 $,"Stephen Orenstein (German born, US citizen who lives in Dubai)",Malta,2023,,118.2m,16.8m,"5,054",14 kn ,21 kn,Abeking & Rasmussen (Germany),Joseph Dirand Architecture (France),Joseph Dirand Architecture (France),42,https://cdn.boatinternational.com/convert/files/2023/08/d1965c40-382d-11ee-9bb9-93ddf0b9582a-liva-yacht-profile.jpg/r%5Bwidth%5D=1920/d1965c40-382d-11ee-9bb9-93ddf0b9582a-liva-yacht-profile.jpg
,Launchpad,Feadship (The Netherlands),300 000 000 $,Mark Zuckerberg (American),Marshall Islands,2024,,118m,19m,"5,528",12 kn,20 kn,De Voogt Naval Architects (The Netherlands),Espen Oeino International (Monaco),François Zuretti (France),43,https://cdn.boatinternational.com/files/2024/03/2268b630-e2c0-11ee-8da2-0d27a3aa6a3d-launchpad-gibraltar-giovanni-romero.jpg 
,M2 ,Severnav (Romania),,,Cayman Islands,2002,,117m,17.6m,"7,404",15 kn,17 kn,,,,44,https://photos.superyachtapi.com/download/237630/large 
,Infinity,Oceanco (The Netherlands),300 000 000 $,Eric Schmidt (American),Cayman Islands,2022,,117m,15.9m,"4,980",14 kn ,20 kn,Lateral Naval Architects (United Kingdom),Espen Oeino International (Monaco),Sinot Yacht Architecture & Design (The Netherlands),45,https://image.yachtbuyer.com/w1210/h694/qh/ca/kf52cdb76/vessel/resource/2212786/infinity-yacht-oceanco.jpg 
,Turama,Rauma-Repola (Finland),,,Saudi Arabia,1990,,116.4m,17.22m,"8,343",15 kn,18.5 kn,Rauma-Repola (Finland) & Alpha Marine (Greece) for the conversion from cruise ship to superyacht,Y. Kose (Turkey),,46,https://cdn.boatinternational.com/images/20160331/1-107381l-2560x1440.jpg 
,Multiverse,Kleven (Norway),275 000 000 $,Yuri Milner (Russian living in the US),Cayman Islands,2018,,116.15m,18m,"6,862",8 kn,12 kn,Marin Teknikk (Norway),Oscar Mike (New Zealand),"Oscar Mike (New Zealand), RWD (United Kingdom)",47,https://photos.superyachtapi.com/download/38910/large 
,Navtilvs,Hellenic Shipyards (Greece),,Yiannis D. Procopiou,Malta,1973,,115.76m,14.45m,"3,156.48",12 kn,14 kn,Maierform Maritime Technology (Germany),Prof. Cäsar Pinnau (Germany),Michael Sumner ,48,https://image.yachtcharterfleet.com/w1277/h618/qh/ca/m2/ka06f2040/vessel/resource/109932/charter-navtilvs-yacht.jpg 
,Atlantis II,Hellenic Shipyards (Greece),100 000 000 $,Philip Niarchos,Bermuda,1981,,115.76m,14.45m,"3,243",12 kn,14 kn,Maierform Maritime Technology (Germany),Prof. Cäsar Pinnau (Germany),Michael Sumner ,49,https://photos.superyachtapi.com/download/176991/extra-large 
,Lady Jorgia,Lürssen Yachts (Germany),350 000 000 $,Patrick Dovigi (Canadian),Marshall Islands,2021,,115.1m,18.21m,"5,257",12 kn,20 kn,Lürssen Yachts (Germany),Nuvolari Lenard (Italy),Nuvolari Lenard (Italy),50,https://smartyachts.com/upload/medialibrary/17d/6bhfoau1ppbohc26ombm9er1qm71yl8n.jpeg 
,Luna,Lloyd Werft (Germany),300 000 000 $,Farkhad Akhmedov (Azerbaijani and now a Russian oligarch),Marshall Islands,2010,2015/2016,115m,20m,"5,655",18 kn ,22.5 kn,Lloyd Werft (Germany),Newcruise (Germany),Donald Starkey (USA),51,https://www.boot-online.net/wp-content/uploads/2017/07/luna-yacht.jpg 
,Pelorus,Lürssen Yachts (Germany),200 000 000 $,Samuel Tak Lee (Hong-Kong based billionaire),Saint Vincent and the Grenadines,2003,,114.5m,17.2m,"5,317",17 kn,20 kn,Lürssen Yachts (Germany),Tim Heywood Design (United Kingdom),Terence Disdale (United Kingdom),52,https://cdn.lurssen.com/images/new-build/the-yachts/pelorus/header.jpg 
,Le Grand Bleu,Bremer Vulkan (Germany),150 000 000 $,Eugene Shvidler (Russian-American billionaire),Palau,2000,2016 at Blohm & Voss,112.8m,17.68m,"5,516",17.3 kn ,19 kn,Kusch Yachts (Germany),"Kono-Design, Kusch Yachts (Germany)","Luciano Di Pilla (Italy), Tnt, Bannenberg Design (United Kingdom)",53,https://cdn.boatinternational.com/images/20150306/1-69983l-2560x1440.jpg 
,Renaissance ,Freire (Spain),200 000 000 $,Gary Klesch (English-American),Cayman Islands,2023,,112m,18m,"7,200",12 kn,16 kn,Marin Teknikk (Norway),Bannenberg & Rowell (United Kingdom),Bannenberg & Rowell (United Kingdom),54,https://www.burgessyachts.com/web/vb/crop/2348349/x_52_full.jpg?width=1200&format=webp&quality=60 
,Alaiya,Lürssen Yachts (Germany),300 000 000 $,Lakshmi Mittal (Indian billionaire) ,Cayman Islands,2019,,111.5m ,16.85m,"4,699",,18 kn,Lürssen Yachts (Germany),Winch Design (United Kingdom),Winch Design (United Kingdom)  ,55,https://img.nauticexpo.fr/images_ne/photo-g/20209-17898113.jpg 
,Falkor (Too),Freire (Spain),75 000 000 $,Eric Schmidt (American),Cayman Islands,2011,,110.6m,20m,"7,497",12 kn,16 kn,Skipsteknisk (Norway),Skipsteknisk (Norway),,56,https://freireshipyard.com/wp-content/uploads/2023/07/El-Buque-Oceanografico-Falkor-Too-Navegando-en-Busca-de-Nuevas-Revelaciones-cientificas.jpg 
,Kaos,Oceanco (The Netherlands),300 000 000 $,Nancy  Walton Laurie (American),Jamaica,2017,,110.1m,16.4m,"4,523",15 kn,18.5 kn,Oceanco (The Netherlands) and BMT Nigel Gee (United Kingdom),Igor Lobanov (Russian with studio in Spain),Reymond Langton Design (United Kingdom),57,https://cdn.boatinternational.com/convert/files/2023/12/829e0530-9033-11ee-9dcf-d58b45a4474c-kaos-2-MichaelYachts.jpg/r%5Bwidth%5D=1920/829e0530-9033-11ee-9dcf-d58b45a4474c-kaos-2-MichaelYachts.jpg 
,Ambassador,Feadship (The Netherlands),250 000 000 $,Hong Kong based billionaire,Cayman Islands,2018,,110m,18.5m,"4,693",14 kn ,18 kn,Feadship De Voogt Naval Architects (The Netherlands),Michael Leach Design (United Kingdom),Michael Leach Design (United Kingdom),58,https://cdn.boatinternational.com/convert/files/2024/07/39a84310-3ddd-11ef-8cee-9fc5916e1df2-anna-st-tropez-raphael.jpg/r%5Bwidth%5D=1920/39a84310-3ddd-11ef-8cee-9fc5916e1df2-anna-st-tropez-raphael.jpg 
,Radiant ,Lürssen Yachts (Germany),300 000 000 $,Abdulla al Futtaim (Dubai),Cayman Islands,2009,2020,110m,16.3m,"5,027",16 kn ,21 kn,Lürssen Yachts (Germany),Tim Heywood Design (United Kingdom),Terence Disdale (United Kingdom),59,https://cdn.boatinternational.com/images/20160317/1-105177l-2560x1440.jpg 
,Al Raya,Lürssen Yachts (Germany),250 000 000 $,King Hamad bin Isa Al Khalifa (King of Bahrain),Cayman Islands,2008,,110m,16.3m,"5,150",18 kn ,21 kn,Lürssen Yachts (Germany),Tim Heywood Design (United Kingdom),Alberto Pinto (France),60,https://www.filepicker.io/api/file/V1e9fhOBQE7t6ttoOAZ3 
,Sea Cloud,Krupp Germaniawerft (Germany),,Boat operating as a cruise ship and property of Schiffahrtsgesellschaft Sea Cloud mbH & Co,Malta,1931,2011,109.5m,14.94m,"2,532",,10 kn,Cox & Stevens (USA),Cox & Stevens (USA),,61,https://cdn.boatinternational.com/convert/images/20160303/1-103119l-2560x1440.jpg/r%5Bwidth%5D=1920/1-103119l-2560x1440.jpg 
,Bravo Eugenia,Oceanco (The Netherlands),225 000 000 $,Jerry Jones (American billionaire and owner of the Dallas Cowboys NFL team),Cayman Islands,2018,,109m,16.3m,"3,418",14 kn ,18 kn,Lateral Naval Architects (United Kingdom),Nuvolari Lenard (Italy),Reymond Langton Design (United Kingdom),62,https://img.nauticexpo.fr/images_ne/photo-g/26305-17818642.jpg 
,Seven Seas,Oceanco (The Netherlands),250 000 000 $,Steven Spielberg ,Cayman Islands,2023,,109m,16m,"4,349",,,Lateral Naval Architects (United Kingdom),Sinot Yacht Architecture & Design (The Netherlands),Molly Isaksen Interiors (USA) and Sinot Yacht Architecture & Design (The Netherlands),63,https://cdn.boatinternational.com/files/2023/07/0637f130-1a41-11ee-bd26-55d31f111c6b-seven%20seas%20high%20res.jpg 
,I.J.E.,Benetti (Italy),200 000 000 $,James Packer (Australian),Marshall Islands,2019,,108m,14.5m,"3,600",14 kn ,19 kn,Benetti (Italy),RWD (United Kingdom),RWD (United Kingdom) & Benetti (Italy),64,https://benettiyachts.com/wp-content/uploads/2024/06/Benetti-Yachts-Custom-Ije-Exteriors-00-Overview-Alt.jpg 
,Luminosity,Benetti (Italy),135 000 000 $,Andrey Guryev (Russian oligarch),Cayman Islands,2020,,107.6m,17m,"5,844",12 kn,17 kn,Benetti (Italy),"Zaniz Interiors (United Kingdom), Giorgio M. Cassetta Design (Italy), Reymond Langton Design (United Kingdom) and Benetti (Italy)",Zaniz Interiors (United Kingdom),65,https://robbreport.com/wp-content/uploads/2020/08/lead-benetti-fb272_luminosity_exte-9.jpg?w=1000 
,Andromeda,Kleven (Norway),250 000 000 $,Yuri Milner (Russian living in the US),Cayman Islands,2016,,107.4m,18m,"5,937",15 kn,16 kn,Marin Teknikk (Norway),Oscar Mike (New Zealand),"Oscar Mike (New Zealand), H2 Yacht Design (United Kingdom)",66,https://cdn.boatinternational.com/files/2023/12/612c6dd0-9509-11ee-8845-cfec9e5b30bc-ulysses-yacht.jpg 
,Mar ,Benetti (Italy),200 000 000 $,Sheikh Suroor bin Mohammed al Nahyan (Senoir member of the Abu Dhabi Royal Family),Cayman Islands,2020,,107m,15.2m,"3,800",16 kn,18.5 kn,Benetti (Italy),Benetti (Italy),Benetti (Italy),67,https://image.yachtbuyer.com/w1210/h694/qh/cs0-166-1920-1097/kdd072219/vessel/resource/1452969/mar-yacht-benetti.jpg 
,Black Pearl,Oceanco (The Netherlands),200 000 000 $,Oleg Burlakov (Russian billionaire dead in 2021 due to Covid),Cayman Islands,2018,,106.7m,15m,"2,864",12 kn,15 kn,"Oceanco (The Netherlands), Dykstra Naval Architects (The Netherlands) and BMT Nigel Gee (United Kingdom)",Ken Freivokh Design (United Kingdom) and Nuvolari Lenard (Italy),"Ken Freivokh Design (United Kingdom), Nuvolari Lenard (Italy) and Gerard P. Villate (France)",68,https://cdn.boatinternational.com/files/2020/11/6dbb30d0-1dc1-11eb-a403-f319cddb765a-Black-Pearl-6.jpg 
,Dream,Halic Tersaneleri (Turkey),150 000 000 $,George J. Prokopiou (Greek billionaire),Malta,1997,,106.5m,15.8m,"4,702",15 kn,17 kn,Halic Tersaneleri (Turkey),Studio Vafiadis (Italy),Ciarmoli Quesa Studio (Italy),69,https://www.superyachtfan.com/wp-content/uploads/2020/12/yacht-Dream-106m-Halic-Tersanleri-15.jpg 
,Amadea,Lürssen Yachts (Germany),325 000 000 $,Suleiman Kerimov (Russian billionaire),United States of America,2017,2019,106.1m,18.3m,"4,402",14 kn ,20 kn,Lürssen Yachts (Germany),Espen Oeino International (Monaco),François Zuretti (France),70,https://cdn.boatinternational.com/convert/bi_prd/bi/library_images/729CfdI0RW6ItsGVMwkg_Lurssen-amadea-listed-fro-sale-with-imperial.jpg/r%5Bwidth%5D=1920/729CfdI0RW6ItsGVMwkg_Lurssen-amadea-listed-fro-sale-with-imperial.jpg 
,H3,Oceanco (The Netherlands),150 000 000 $,Waleed bin Ibrahim al Ibrahim (Saudi billionaire),Cayman Islands,2000,Entirely rebuild in 2022 at Oceanco,105.26m,14.78m,"3,521",18 kn ,24 kn,Lateral Naval Architects (United Kingdom) and Oceanco (The Netherlands),Oceanco (The Netherlands) and Reymond Langton Design (United Kingdom),Reymond Langton Design (United Kingdom),71,https://cdn.boatinternational.com/convert/files/2023/05/5aa78160-ee43-11ed-bda1-c115e98ef395-h3-sea-trials-underway.jpg/r%5Bwidth%5D=1920/5aa78160-ee43-11ed-bda1-c115e98ef395-h3-sea-trials-underway.jpg 
,Lady Moura,Blohm & Voss (Germany),125 000 000 $,Ricardo Salinas Pliego (Mexican),Bahamas,1990,2023,104.85m,18.5m,"6,539",14 kn ,22 kn,Luigi Sturchio (Italy) and Blohm & Voss (Germany),Paolo Scanu (Germany),Luigi Sturchio (Italy),72,https://cdn.boatinternational.com/convert/bi_prd/bi/library_images/BRAOJDZPTcm3at4wIvNO_Lady-Moura-BlueiProd-1.gif/r%5Bwidth%5D=1920/BRAOJDZPTcm3at4wIvNO_Lady-Moura-BlueiProd-1.gif 
,Quantum Blue ,Lürssen Yachts (Germany),250 000 000 $,Sergey Galitskiy (Russian billionaire),Cayman Islands,2014,,104m,16.8m,"4,341",13 kn ,22 kn,Lürssen Yachts (Germany),Tim Heywood Design (United Kingdom),Alberto Pinto (France),73,https://photos.superyachtapi.com/download/101921/extra-large 
,Al Mabrukah,Picchiotti (Italy),,Oman government,Oman,1982,2009,103.85m,16.25m,"4,633",16 kn,18 kn,Picchiotti (Italy) and Omani RYS (Oman),Nuovi Cantieri Apuania (Italy),Omani RYS (Oman),74,https://image.yachtcharterfleet.com/w1277/h618/qh/ca/m2/kde021963/vessel/resource/64808/charter-al-mabrukah-yacht.jpg 
,Ulysses ,Feadship (The Netherlands),275 000 000 $,Graeme Hart (New Zealand),Marshall Islands,2024,,102.54m,15.5m,"2,999",,18 kn,Azure Yacht Design and Naval Architecture (The Netherlands),Sinot Yacht Architecture & Design (The Netherlands),Sinot Yacht Architecture & Design (The Netherlands),75,https://image.yachtbuyer.com/w1210/h694/qh/ca/k764233cd/vessel/resource/2768333/ulysses-yacht-feadship.jpg 
,Symphony,Feadship (The Netherlands),150 000 000 $,Bernard Arnault (France),Cayman Islands,2015,Last refit done in 2023,101.5m,14.1m,"3,463",10 kn,21 kn,Feadship De Voogt Naval Architects (The Netherlands),Tim Heywood Design (United Kingdom),François Zuretti (France),76,https://image.yachtbuyer.com/w1210/h694/qh/ca/k69a9ea60/vessel/resource/1455811/symphony-yacht-feadship.jpg 
,Attessa IV,Hayashikane (Japan),150 000 000 $,Dennis Washington (American),Cayman Islands,1999,,100.89m,12.8m,"2,621",21 kn,23 kn,Diana Yacht Design (The Netherlands),Felix Buytendijk Yacht Design (The Netherlands),Felix Buytendijk Yacht Design (The Netherlands),77,https://cdn.boatinternational.com/files/2023/12/234a0940-9aa5-11ee-bf8b-29436916ca7c-atessa-anchored.jpg 
,I Dynasty,Peterswerft - Kusch (Germany),200 000 000 $,Alijan Ibragimov (Kazakh oligarch who passed away in February 2021),Cayman Islands,2015,Last refit done in 2023,100.8m,16m,"4,300",14 kn ,17 kn,The A Group (Monaco),The A Group (Monaco),Massari Design (Italy),78,https://photos.superyachtapi.com/download/218604/extra-large 
,Moonrise,Feadship (The Netherlands),220 000 000 $,"Jan Koum (Ukrainian-American, founder of What's App)",Cayman Islands,2020,,99.95m,15.5m,"3,945",16 kn,19.5 kn,Feadship De Voogt Naval Architects (The Netherlands),Rémi Tessier (France) and Studio de Voogt (The Netherlands),Rémi Tessier (France),79,https://cdn.boatinternational.com/files/2025/05/6fd75540-272d-11f0-af75-f9fc74fe1bb8-moonrise-sea-trials.jpg
,Christina O,Canadian Vickers (Canada),40 000 000 $,"Ivor Fitzpatrick (Ireland, founder of one of Ireland's most respected law firms)",Malta,1943,2001,99.14m,11.13m,"1,802",18 kn ,20 kn,Howaldtswerke (Germany) and Prof. Cäsar Pinnau (Germany),Costas Carabelas (Greece),Apostolos Molindris (Greece),80,https://image.yachtcharterfleet.com/w1277/h618/qh/ca/m2/k7f6899c1/vessel/resource/630363/charter-christina-o-yacht.jpg 
,Madame Gu,Feadship (The Netherlands),150 000 000 $,Andrey Skoch (Russian billionaire),Cayman Islands,2013,,99m,15.18m,"2,991",16 kn,24 kn,Feadship De Voogt Naval Architects (The Netherlands),Winch Design (United Kingdom),Winch Design (United Kingdom)  ,81,https://upload.wikimedia.org/wikipedia/commons/0/0c/Madame_Gu.jpg 
,Aviva,Abeking & Rasmussen (Germany),250 000 000 $,Joe Lewis (British billionaire),Cayman Islands,2017,,98.4m,17.2m,"4,966",14 kn ,20 kn,Abeking & Rasmussen (Germany),Reymond Langton Design (United Kingdom),Reymond Langton Design (United Kingdom),82,https://photos.superyachtapi.com/download/300951/extra-large 
,Carinthia VII,Lürssen Yachts (Germany),180 000 000 $,Rúben Cherñajovsky (Argentinian),Marshall Islands,2002,2022,97.2m,16.6m,"3,643",18 kn ,25 kn,Lürssen Yachts (Germany),Tim Heywood Design (United Kingdom),Bazzizero Cassina Architects (Italy) and Ellehorst Kreuter (Austria),83,https://stories.boatinternational.com/rhapsody-in-blue-on-board-the-the-landmark-l-rssen-carinthia-vii-boat-international/assets/oGLpgrsqLP/carinthiavii_after-refit-c-tom-van-oossanen_1707-2560x1440.jpg 
,Mayan Queen IV,Blohm & Voss (Germany),175 000 000 $,"Alberto Bailleres (Mexican billionaire who passed away, yacht still owned by the family)",Cayman Islands,2008,,96.75m,15.88m,"3,897",20 kn,22 kn,Blohm & Voss (Germany),Tim Heywood Design (United Kingdom),Terence Disdale (United Kingdom),84,https://photos.superyachtapi.com/download/19070/large 
,Sophia,Feadship (The Netherlands),200 000 000 $,Michael Latifi (Iranian-Canadian businessman),Cayman Islands,2017,Last refit done in 2019,96.55m,14.5m,"2,999",15 kn,17 kn,Feadship De Voogt Naval Architects (The Netherlands),RWD (United Kingdom),Chahan Interior Design (France) and RWD (United Kingdom),85,https://image.yachtbuyer.com/w1210/h694/qh/cs0-61-1784-1020/kf46b555b/vessel/resource/1445854/sophia-yacht-feadship.jpg 
,Limitless,Lürssen Yachts (Germany),100 000 000 $,Leslie Wexner (Former CEO of Victoria Secret's and American billionaire),United States of America,1997,Last refit done in 2023,96.25m,12.4m,"2,146",17 kn,25 kn,Lürssen Yachts (Germany),Jon Bannenberg (Australia/British),François Catroux (France) and Tim Heywood Design (United Kingdom),86,https://cdn.boatinternational.com/convert/files/2021/05/2560cdb0-ba3b-11eb-931a-310a6c5430e7-Limitless-iconic-yachts-3.jpg/r%5Bwidth%5D=1920/2560cdb0-ba3b-11eb-931a-310a6c5430e7-Limitless-iconic-yachts-3.jpg 
,Vava II ,Devonport (United Kingdom),180 000 000 $,Ernesto Bertarelli (Swiss billionaire with italian background),Cayman Islands,2012,Refit done in 2020,96m,17.3m,"3,930",16 kn,20 kn,Devonport (United Kingdom),RWD (United Kingdom),Rémi Tessier (France),87,https://cdn.boatinternational.com/images/20160401/1-107597l-2560x1440.jpg 
,Whisper (ex Kismet),Lürssen Yachts (Germany),200 000 000 $,Eric Schmidt (American),Cayman Islands,2014,,95.2m,13.8m,"2,928",14 kn ,17 kn,Lürssen Yachts (Germany),Espen Oeino International (Monaco),Reymond Langton Design (United Kingdom),88,https://www.moranyachts.com/wp-content/uploads/2017/09/lurssen-yacht-kismet-profile.jpg 
,Av (ex Palladium),Blohm & Voss (Germany),200 000 000 $,Dennis Washington (American),Cayman Islands,2010,Last refit done in 2022,95.15m,16.22m,"4,447",16 kn,19 kn,Blohm & Voss (Germany),Michael Leach Design (United Kingdom),Michael Leach Design (United Kingdom),89,https://cdn.boatinternational.com/files/2021/06/899fd3b0-d44f-11eb-9014-ddcfed5682d6-palladium-yacht-report-underway-side-running.jpg 
,CC-Summer,Lürssen Yachts (Germany),250 000 000 $,Terry Taylor (American billionaire who made fortune with the automobile industry),Marshall Islands,2019,Last refit done in 2022,95m,14m,"3,250",16 kn,18 kn,Lürssen Yachts (Germany),Harrison Eidsgaard (United Kingdom),Laura Sessa Design (Italy),90,https://cdn.boatinternational.com/convert/bi_prd/bi/library_images/sTLvADTMRjeuqZtPvyxQ_madsummer-jeff-brown.jpg/r%5Bwidth%5D=1920/sTLvADTMRjeuqZtPvyxQ_madsummer-jeff-brown.jpg 
,Bliss,Feadship (The Netherlands),200 000 000 $,"Evan Spiegel (American, co-founder of Snapchat)",Marshall Islands,2021,Last refit done in 2022,94.75m,14.7m,"2,983",15 kn,17 kn,Feadship De Voogt Naval Architects (The Netherlands),Studio de Voogt (The Netherlands),Rémi Tessier (France),91,https://cdn.boatinternational.com/files/2021/08/e35b8b10-f376-11eb-9bc6-d54373cdd035-Bliss-maiden-voyage.jpg 
,O'Pari,Golden Yachts (Greece),,Paris Dragnis (Greek owner and chairman of Golden Yachts shipyard),Malta,2020,,94.6m,13.8m,"2,743",,20 kn,Nafpigiki Hellas & Co. (Greece),Studio Vafiadis (Italy),Studio Vafiadis (Italy),92,https://www.goldenyachts.gr/wp-content/uploads/2023/06/1-FLEET-OPARI-1-1.jpg 
,Viva,Feadship (The Netherlands),175 000 000 $,Kenneth Griffin (US billionaire),Cayman Islands,2021,,94m,13.6m,"2,988",12 kn,20 kn,Feadship De Voogt Naval Architects (The Netherlands),Azure Yacht Design and Naval Architecture (The Netherlands) AND Studio de Voogt (The Netherlands),Peter Marino (USA),93,https://d3gghfo2xrrrqp.cloudfront.net/wp-content/uploads/2025/02/Feadhsip-Yachts-for-Sale-3.jpg 
,Lady S,Feadship (The Netherlands),180 000 000 $,Dan Snyder (US billionaire),Cayman Islands,2019,,93m,14.1m,"2,999",14 kn ,17.5 kn,Feadship De Voogt Naval Architects (The Netherlands),Michael Leach Design (United Kingdom),Reymond Langton Design (United Kingdom),94,https://www.superyachtfan.com/wp-content/uploads/2020/10/yacht-Lady-S-Feadship.jpg 
,Eos ,Lürssen Yachts (Germany),70 000 000 $,Barry Diller (US billionaire),Cayman Islands,2006,,92.93m,13.5m,"1,500",14 kn ,16 kn,Lürssen Yachts (Germany),Bill Langan (USA) ,François Catroux (France),95,https://s3-eu-west-1.amazonaws.com/cilent-imports.bi.artirix.com/28999_100-eos-yacht-exterior.jpg 
,Royal Romance ,Feadship (The Netherlands),200 000 000 $,Viktor Medvedchuk (Ukrainian billionaire),Malaysia,2015,,92.5m,14.3m,"2,900",12 kn ,15 kn,Feadship De Voogt Naval Architects (The Netherlands),Feadship De Voogt Naval Architects (The Netherlands),Seymour Diamond (United Kingdom),96,https://photos.superyachtapi.com/download/159762/extra-large
,Tatoosh,Nobiskrug (Germany),90 000 000 $,Registered to a company called TALLULA LTD. ,Cayman Islands,2000,,92.42m,14.95m,"3,229",18 kn ,19 kn,Claus Kusch (Germany),"Claus Kusch (Germany), Bastiaan Sonneveld (The Netherlands)","Terence Disdale (United Kingdom), Achille Associates (USA)",97,https://cdn.boatinternational.com/convert/files/2021/02/c9b90000-7830-11eb-b4e6-17a3b498d255-TATOOSH_exterior2.jpg/r%5Bwidth%5D=1920/c9b90000-7830-11eb-b4e6-17a3b498d255-TATOOSH_exterior2.jpg 
,Aquarius,Feadship (The Netherlands),200 000 000 $,Maybe Royal Family of Qatar ,Cayman Islands,2016,,92m,13.5m,"2,856",12 kn ,18 kn,Feadship De Voogt Naval Architects (The Netherlands),Sinot Yacht Architecture & Design (The Netherlands),Sinot Yacht Architecture & Design (The Netherlands),98,https://photos.superyachtapi.com/download/216740/large 
,Drizzle,Feadship (The Netherlands),300 000 000 $,Amancio Ortega (Spanish billionaire),Malta,2024,,91.8m,14.5m,"2,965",,17.5 kn,Feadship De Voogt Naval Architects (The Netherlands),Sinot Yacht Architecture & Design (The Netherlands),Sinot Yacht Architecture & Design (The Netherlands),99,https://cdn.boatinternational.com/files/2024/06/eb5079d0-295a-11ef-8dfc-9b07a4ba49c1-feadship-1012-sea-trials-2.jpg 
,Tranquility,Oceanco (The Netherlands),150 000 000 $,Gabe Newell (American billionaire),Cayman Islands,2014,,91.5m,14.6m,"2,999",16 kn,19.5 kn,"Oceanco (The Netherlands), BMT Nigel Gee (United Kingdom) and Azure Yacht Design and Naval Architecture (The Netherlands)",Oceanco (The Netherlands) ,Winch Design (United Kingdom)  ,100,https://www.filepicker.io/api/file/yhHMgUSURuW8StGOAxCu 
,Queen Miri,Neorion (Greece),70 000 000 $,Sheldon Adelson's family since his death in 2021 (American),Marshall Islands,2004,,91.5m,14.44m,"3,367",16 kn,18 kn,Murray & Associates (USA) and Stolk Marimecs (The Netherlands),Bernd Weel Design (The Netherlands) and Alpha Marine (Greece),Massari Design (Italy),101,https://www.filepicker.io/api/file/IFpyRNbETxaVCefNQ0Bw 
,Nahlin,Brown J (United Kingdom),70 000 000 $,"James Dyson (British billionaire, founder of Dyson enterprise)",United Kingdom,1930,,91.44m,11.03m,"1,377",15 kn,18 kn,G.L. Watson (Scotland),G.L. Watson (Scotland),Sir Charles Allom (United Kingdom) and Rémi Tessier (France),102,https://www.superyachtfan.com/wp-content/uploads/2020/11/yacht-Nahlin-1.webp 
,Voyager ,Swiftships (USA),,,Marshall Islands,1997,Full scale rebuild at Dania Cut Super Yacht Repair (USA) in 2019,91.4m,14m,"2,785",,,Boris Kirilloff (USA),Rafael Ochoa (USA) and Boris Kirilloff (USA),,103,https://cdn.boatinternational.com/convert/bi_prd/bi/library_images/Ksdn3rykQGWSQxZwLvCI_12778887-my-voyager.jpg/r%5Bwidth%5D=1920/Ksdn3rykQGWSQxZwLvCI_12778887-my-voyager.jpg 
,Moonlight II,Neorion (Greece),100 000 000 $,Sheikh Sultan bin Khalifa al Nahyan (Emir of Abu Dhabi),Malta,2005,,91.4m,14.44m,"2,982",16 kn,18 kn,Murray & Associates (USA) and Alpha Marine (Greece),Lally Poulias (Greece) and Alpha Marine (Greece),Lally Poulias (Greece) and Alpha Marine (Greece),104,https://media.fraseryachts.com/Yachts/Y6526_NB/images/website/MOONLIGHT+II_01_M9G1A7831%40ameller_retouched1-o5OVecJm.jpg?vh=279bbd 
,Lady Lara ,Lürssen Yachts (Germany),180 000 000 $,Alexander Machkevitch (Kazakh billionaire),Cayman Islands,2015,,91m,14.35m,"2,945",14 kn ,17 kn,Lürssen Yachts (Germany),Reymond Langton Design (United Kingdom),Reymond Langton Design (United Kingdom),105,https://cdn.boatinternational.com/convert/images/20151118/2-83641l-2560x1440.jpg/r%5Bwidth%5D=1920/2-83641l-2560x1440.jpg 
,Dubawi,Cantieri Navali Ferrari (Italy),35 000 000 $,Sheikh Hamdan bin Mohammed Al Maktoum (Crown Prince of Dubai),United Arab Emirates,1989,Converted into a superyacht in Platinum shipyard in 2007,90.6m,15.3m,"4,184",16 kn,17 kn,Cantieri Navali Ferrari (Italy),Cantieri Navali Ferrari (Italy),Platinum (Dubai),106,https://photos.superyachtapi.com/download/230975/extra-large 
,Ice ,Lürssen Yachts (Germany),150 000 000 $,Teodoro Nguema Obiang Mangue (Vice president of Equatorial Guinea),Cayman Islands,2005,,90.1m,15m,"3,268",16 kn,19 kn,Lürssen Yachts (Germany),Tim Heywood Design (United Kingdom),Terence Disdale (United Kingdom),107,https://cdn.boatinternational.com/images/20160504/1-111931l-2560x1440.jpg 
,Nero,Corsair Yachts (China),70 000 000 $,Denis O'Brien (Irish billionaire),Cayman Islands,2007,,90.1m,12m,"1,413",13.5 kn,17 kn,Imt Marine Consultants (United Kingdom),Neil Taylor (United Kingdom),Neil Taylor (United Kingdom) and Luxury Projects (Italy),108,https://cdn.boatinternational.com/images/20170313/1-134843l-2560x1440.jpg 
,Phoenix 2,Lürssen Yachts (Germany),160 000 000 $,Previous owner was Sebastian Kulczyk (Polish billionaire),Malta,2010,,90.01m,13.8m,"2,667",14 kn ,18 kn,Lürssen Yachts (Germany),Winch Design (United Kingdom),Winch Design (United Kingdom)  ,109,https://images.northropandjohnson.com/yacht/HMxEHS7kU8/5ee18b9340b5c44f6fccf7d1/3AF72140.jpg?auto=format&q=65&h=1&ar=16%3A9&fit=crop 
,Lionheart,Benetti (Italy),150 000 000 $,Philip Green (British),Malta,2016,,90m,14.4m,"2,990",16 kn,18 kn,Benetti (Italy),Stefano Natucci (Italy),Green & Mingarelli Design (Monaco),110,"https://i6.superyachts.com/yacht-resource/32530?w=5508&h=3689&t=296&r=5506&b=3101&l=1&o=w{2}cc{1,296,5506,3101}"
,Lauren L,Cassens (Germany),75 000 000 $,Igor Kolomoisky (Ukrainian billionaire),Cayman Islands,2002,,90m,14m,"2,942",14 kn ,15.5kn,Cassens Werft (Germany),Cassens Werft (Germany) and Alpha Marine (Greece),Alpha Marine (Greece),111,https://s3-eu-west-1.amazonaws.com/cilent-imports.bi.artirix.com/28620_101-lauren-l-yacht-exterior.jpg 
,Athena,Royal Huisman (The Netherlands),70 000 000 $,Jim Clark (US billionaire),Cayman Islands,2004,,90m,12.2m,"1,103",14 kn ,18.9kn,Dykstra Naval Architects (The Netherlands),Pieter Beeldsnijder (The Netherlands),"Pieter Beeldsnijder (The Netherlands), Rebecca Bradley (US) and Axel de Beaufort (France)",112,https://s3-eu-west-1.amazonaws.com/cilent-imports.bi.artirix.com/24222_001-athena-yacht-for-sale-profile.jpg 
,Dreamboat,Oceanco (The Netherlands),180 000 000 $,Arthur Blank (US billionaire),Cayman Islands,2019,,90m,14.2m,"2,950",12 kn,16 kn,"Oceanco (The Netherlands),  Azure Yacht Design and Naval Architecture (The Netherlands)",Espen Oeino International (Monaco),Terence Disdale (United Kingdom),113,https://img.nauticexpo.fr/images_ne/photo-g/26305-17818038.jpg
,Norn,Lürssen Yachts (Germany),250 000 000 $,Charles Simonyi (Hungarian-American billionaire),Cayman Islands,2023,,90m,14.7m,"3,491",14 kn ,20 kn,Lürssen Yachts (Germany),Espen Oeino International (Monaco),Doelker & Voges (Germany),114,https://cdn.boatinternational.com/files/2023/06/fd534190-0911-11ee-a1c4-359adcabdbf5-norn-yacht-arriving.jpg 
,Luna,Oceanco (The Netherlands),175 000 000 $,Robert Friedland (US and Canadian billionaire),Cayman Islands,2018,,90m,14.2m,"2,926",14 kn ,20 kn,Azure Yacht Design and Naval Architecture (The Netherlands),Luiz De Basto (US),Nuvolari Lenard (Italy),115,https://cdn.boatinternational.com/files/2024/06/20705a30-3465-11ef-b654-a5cd635ec211-DAR-exterior_credit_Edwrightimages_-0373.jpg 
,Here Comes the Sun,Amels (The Netherlands),195 000 000 $,Zygmunt Solorz-Zak (Polish billionaire),Marshall Islands,2016,,89m,15.61m,"2,955",13.5kn,17.5 kn,"Amels (The Netherlands),  Azure Yacht Design and Naval Architecture (The Netherlands)","Tim Heywood Design (United Kingdom), Azure Yacht Design and Naval Architecture (The Netherlands)",Winch Design (United Kingdom)  ,116,https://cdn.boatinternational.com/files/2021/12/1ffcd730-5430-11ec-a224-712db76f48f7-Here-Comes-The-Sun-underway.jpg 
,Samsara,Oceanco (The Netherlands),150 000 000 $,J.K. Rowling (British),Cayman Islands,2015,,89m,14.2m,"2,914",16 kn,20 kn,"Oceanco (The Netherlands),  Azure Yacht Design and Naval Architecture (The Netherlands)",Espen Oeino International (Monaco),"David Kleinberg Design (US), Sinot Yacht Architecture & Design (The Netherlands)",117,"https://assets.y.co/upload/f_auto,q_70,c_fill,w_3240/v1707925815/yacht/samsara/yacht-samsara-202401-exterior-03_i07nwm.jpg "
,Barbara,Oceanco (The Netherlands),150 000 000 $,Felix Baker (US billionaire),Cayman Islands,2017,,88.5m,14.5m,"2,984",16 kn,18.5 kn,"Oceanco (The Netherlands),  Azure Yacht Design and Naval Architecture (The Netherlands)",Sam Sorgiovanni (Australia),Sam Sorgiovanni (Australia),118,https://cdn.boatinternational.com/bi_prd/bi/library_images/k9KF1wlT3uyjEzlmMwbk_sraey.jpg 
,Eternal Tsingshan,Pride Mega Yachts (China),100 000 000 $,,Marshall Islands,2018,,88.5m,15.39m,"3,642",12 kn,16 kn,Azure Yacht Design and Naval Architecture (The Netherlands),Rainsford Saunders Design (United Kingdom),Sinot Yacht Architecture & Design (The Netherlands),119,https://www.superyachtfan.com/wp-content/uploads/2020/11/yacht-Illusion-Plus-89m-Pride-Mega-Yachts-82-1024x682.webp 
,Nirvana,Oceanco (The Netherlands),120 000 000 $ ,Vladimir Potanin (Russian oligarch),Malaysia,2012,,88.5m,14.2m,"2,786",16 kn,19.5 kn,"Oceanco (The Netherlands),  Azure Yacht Design and Naval Architecture (The Netherlands)",Sam Sorgiovanni (Australia),Sam Sorgiovanni (Australia),120,https://image.yachtcharterfleet.com/w1277/h618/qh/ca/m2/k0bdfbde9/vessel/resource/1452489/charter-nirvana-yacht.jpg 
,Olivia O,Ulstein Verft (Norway),200 000 000 $,Eyal Ofer (Israeli-British billionaire),Malta,2020,,88.5m,16.3m,"4,989",14 kn ,16.5 kn,Ulstein Verft (Norway),Espen Oeino International (Monaco),Droulers Architecture (Italy),121,https://cdn.boatinternational.com/bi_prd/bi/library_images/M5KiTlqQA5zEPPJsqdhQ_olivia-o-homepage-sailing-yacht-a-credit.jpg 
,Zen,Feadship (The Netherlands),200 000 000 $,Wu Guangming (Chinese billionaire),Cayman Islands,2021,,88.38m,13.5m,"2,999",13 kn ,17 kn,Feadship De Voogt Naval Architects (The Netherlands),Studio de Voogt (The Netherlands),"FM - Architettura d'interni (Italy), Nauta Design (Italy)",122,https://s3.eu-west-2.amazonaws.com/cecilwright-craft/store/_large/159237/ZEN-BANNER.jpg 
,Asean Lady,Pride Mega Yachts (China),35 000 000 $,Vincent Tan (Malaysian) and Brian Chang (born in South Africa but lives in Singapore),Panama,2004,,88.15m,21.27m,"2,385",12 kn,15 kn,"Yantai Raffles (China), Ian Mitchell (Australia)",Nzami ,"Australian Motor Yachts (Australia), Zhaoxin (China), Xiangqun (China), Annie Chang (China)",123,https://www.superyachtfan.com/wp-content/uploads/2021/02/yacht-Asean-Lady-Yantai-Raffles-2004-Brian-Chang-10.webp 
,Maltese Falcon,Perini Navi (Italy) but built in Turkey,75 000 000 $,Elena Ambrosiadou (born in Greece and moved to the UK),Malta,2006,,88m,12.6m,"1,112",14 kn ,18 kn,"Dykstra Naval Architects (The Netherlands), Perini Navi (Italy)",Ken Freivokh Design (United Kingdom),"Sinnex (Austria), Ken Freivokh Design (United Kingdom), Perini Navi (Italy)",124,"https://i6.superyachts.com/yacht-resource/43323?w=5158&h=3439&t=330&r=5158&b=2901&l=0&o=w{2}cc{0,330,5158,2901} "
,Musashi,Feadship (The Netherlands),160 000 000 $,"Lary Ellison (US billionaire, co-founder of Oracle)",Cayman Islands,2011,,87.78m,13.9m,"2,463",18 kn ,20.9 kn,Feadship De Voogt Naval Architects (The Netherlands),Feadship De Voogt Naval Architects (The Netherlands),Sinot Yacht Architecture & Design (The Netherlands),125,https://cdn.boatinternational.com/files/2021/10/9e2c35e0-35ab-11ec-9307-bde532251302-musashi-feadship-running-2.jpg 
,Fountainhead,Feadship (The Netherlands),130 000 000 $,Eddie Lampert (US billionaire),Cayman Islands,2011,,87.78m,13.9m,"2,463",15 kn,21 kn,Feadship De Voogt Naval Architects (The Netherlands),Feadship De Voogt Naval Architects (The Netherlands),Sinot Yacht Architecture & Design (The Netherlands),126,https://www.superyachtfan.com/wp-content/uploads/2020/10/MY-Fountainhead-88m-Feadship-3.webp 
,Project X,Golden Yachts (Greece),150 000 000 $,,Malta,2022,,87.6m,14.8m,"2,974",12 kn,18 kn,Marco Yachts (Chile),Ken Freivokh Design (United Kingdom),Massari Design (Italy),127,https://cdn.boatinternational.com/listing/2024/06/5625cf50-2f12-11ef-9348-11c9ba817a26-PROJECTX-6436-Theatro0000.jpg 
,Arctic P,Schichau-Unterweser (Germany),80 000 000 $,Gretel Packer (Australian business woman),Bahamas,1969,Massive refit in 2015 by Kusch  with conversion to superyacht,87.57m,14.78m,"2,610",15 kn,18 kn,Schichau-Unterweser (Germany),Schichau-Unterweser (Germany),"Adrian Sassoon (United Kingdom), Cath Kidston (United Kingdom)",128,https://cdn.boatinternational.com/convert/images/20160401/1-107503l-2560x1440.jpg/r%5Bwidth%5D=1920/1-107503l-2560x1440.jpg 
,OceanXplorer,Freire (Spain),200 000 000 $,Ray Dalio (US billionaire),Marshall Islands,2010,,87.1m,18m,"5,399",14 kn ,16.5 kn,Skipsteknisk (Norway),"Gresham Yacht Design (United Kingdom), Skipsteknisk (Norway)","Gresham Yacht Design (United Kingdom), Christina Fallah Design (United Kingdom)",129,https://cdn.boatinternational.com/files/2021/02/ce13f530-6ac8-11eb-977f-b186d6d08249-OceanXplorer-expedition-yacht-2.jpg 
,Avantage,Lürssen Yachts (Germany),200 000 000 $,Bulat Utemuratov (Kazakh billionaire),Cayman Islands,2020,,87m,13.8m,"2,950",12 kn,16 kn,Lürssen Yachts (Germany),Bannenberg & Rowell (United Kingdom),Bannenberg & Rowell (United Kingdom),130,https://www.filepicker.io/api/file/0IUEZIyHRpKnfGG514SQ 
,Lonian,Feadship (The Netherlands),160 000 000 $,"Lorenzo Fertitta (former CEO of UFC, american billionaire)",Cayman Islands,2018,,87m,13.8m,"2,700",14 kn ,16 kn,Feadship De Voogt Naval Architects (The Netherlands),Sinot Yacht Architecture & Design (The Netherlands),"Richard Hallberg Interior Design (USA), Sinot Yacht Architecture & Design (The Netherlands)",131,https://www.superyachtfan.com/wp-content/uploads/2020/10/yacht-lonian-2.webp 
,Quattroelle,Lürssen Yachts (Germany),180 000 000 $,Sheikh Hamdan bin Mohammed Al Maktoum (Crown Prince of Dubai),Cayman Islands,2013,,86.11m,13.8m,"2,925",15 kn,18 kn,Lürssen Yachts (Germany),Nuvolari Lenard (Italy),Nuvolari Lenard (Italy),132,https://cdn.lurssen.com/images/new-build/the-yachts/quattroelle/header.jpg 
,Chakra,Van Der Werf (The Netherlands),60 000 000 $,Saudi businessman,Saint Vincent and the Grenadines,1963,Converted into a superyacht in the 1990's,86m,12.83m,"2,083",14 kn ,15 kn,Van Der Werf (The Netherlands),Devonport (United Kingdom),Devonport (United Kingdom),133,https://photos.superyachtapi.com/download/10000/large 
,Man of Steel,Oceanco (The Netherlands),150 000 000 $,Barry Zekelman (Canadian Billionaire),Cayman Islands,2010,,86m,14.2m,"2,658",16 kn,20 kn,"Oceanco (The Netherlands),  Azure Yacht Design and Naval Architecture (The Netherlands)",Nuvolari Lenard (Italy),"Nuvolari Lenard (Italy), Molly Isaksen Interiors (USA)",134,https://cdn.boatinternational.com/listing/2022/04/0e65b5f0-b4c0-11ec-861c-77522437b948-MAN%20OF%20STEEL_superyacht_for_sale_charter_01.jpg 
,Ecstasea,Feadship (The Netherlands),120 000 000 $ ,Alshair Fiyaz (Pakistani born billionaire),Cayman Islands,2004,,85.95m,11.5m,"2,107",25 kn ,33 kn,Feadship De Voogt Naval Architects (The Netherlands),Feadship De Voogt Naval Architects (The Netherlands),Terence Disdale (United Kingdom),135,https://d2adoy6vr915pu.cloudfront.net/eyJidWNrZXQiOiJzdG9tcC1mZWFkc2hpcC1wcm9kIiwia2V5IjoiY3JhZnRcL3lhY2h0c1wvaW1hZ2VzXC94dGNfZ3QuanBnIiwiZWRpdHMiOnsianBlZyI6eyJxdWFsaXR5Ijo4NSwidHJlbGxpc1F1YW50aXNhdGlvbiI6dHJ1ZSwib3ZlcnNob290RGVyaW5naW5nIjp0cnVlLCJvcHRpbWl6ZVNjYW5zIjp0cnVlfSwicmVzaXplIjp7IndpZHRoIjoxOTIwLCJmaXQiOiJjb250YWluIn19fQ== 
,Aquijo,Oceanco (The Netherlands) and Vitters (The Netherlands),100 000 000 $,Juergen Grossmann (German billionaire),Cayman Islands,2016,,85.9m,14.48m,"1,538",15 kn,17 kn,Bill Tripp (USA and The Netherlands),Bill Tripp (USA and The Netherlands),Doelker & Voges (Germany),136,https://www.superyachtfan.com/wp-content/uploads/2021/04/yacht-Aquijo-2016-Jurgen-Grossman-5.webp 
,Kingdom 5KR,Benetti (Italy),90 000 000 $,Prince Al Waleed bin Talal al Saud (member of Saudi Royal Family),Saudi Arabia,1980,,85.9m,13.23m,"1,768",17 kn,20 kn,Benetti (Italy),Jon Bannenberg (Australia/British),Luigi Sturchio (Italy),137,https://www.shipspotting.com/photos/big/8/4/6/2092648.jpg?cb=0 
,HBC,Abeking & Rasmussen (Germany),90 000 000 $,Member of Saudi Royal Family,United Kingdom,2008,,85.65m,12.4m,"2,150",15 kn,16.5 kn,Abeking & Rasmussen (Germany),Reymond Langton Design (United Kingdom),Reymond Langton Design (United Kingdom),138,https://cdn.boatinternational.com/listing/2024/12/96ad1c90-b167-11ef-a6c6-491cb76a0430-HBC-9434-Superyacht_For_Sale_Charter-0000.jpg 
,Amore Vero,Oceanco (The Netherlands),120 000 000 $ ,,Malaysia,2013,,85.6m,14.2m,"2,684",15 kn,18.5 kn,"Oceanco (The Netherlands),  Azure Yacht Design and Naval Architecture (The Netherlands)",Igor Lobanov (Russian with studio in Spain),Alberto Pinto (France),139,https://s3-eu-west-1.amazonaws.com/cilent-imports.bi.artirix.com/40058_100-st-princess-olga-yacht-exterior.jpg 
,Aquila,Derecktor (USA),150 000 000 $,"Ann Walton (daughter of Bud Walton, founder of Wallmart, US business woman)",Isle of Man,2010,Refit done in 2016 at Pandennis shipyard,85.6m,14.3m,"2,998",14 kn ,17 kn,Azure Yacht Design and Naval Architecture (The Netherlands),Tim Heywood Design (United Kingdom),Liz Dalton (USA),140,https://www.luxurychartergroup.com/cms/uploads/luxury-charter-yacht-aquila-profile_001.jpg 
,Sunrays,Oceanco (The Netherlands),150 000 000 $,Ravi Ruia (Indian billionaire),Cayman Islands,2010,,85.5m,14.2m,"2,867",16 kn,20 kn,"Oceanco (The Netherlands),  Azure Yacht Design and Naval Architecture (The Netherlands)",Bjorn Johansson (United Kingdom),Terence Disdale (United Kingdom),141,https://img.nauticexpo.fr/images_ne/photo-g/26305-17819476.webp 
,Vibrant Curiosity,Oceanco (The Netherlands),150 000 000 $,Reinhold Würth (German billionaire),Malta,2009,,85.47m,14.2m,"2,822",16 kn,20 kn,"Oceanco (The Netherlands),  Azure Yacht Design and Naval Architecture (The Netherlands)",Nuvolari Lenard (Italy),Nuvolari Lenard (Italy),142,"https://i6.superyachts.com/yacht-resource/16997?w=1600&h=1050&t=75&r=1600&b=901&l=0&o=w{2}cc{0,75,1600,901} "
,Bold,SilverYachts (Australia),100 000 000 $,Guido Krass (Swiss),Marshall Islands,2019,,85.3m,11m,"1,551",18 kn ,23 kn,"SilverYachts (Australia), Espen Oeino International (Monaco)",Espen Oeino International (Monaco),SilverYachts (Australia),143,"https://i6.superyachts.com/yacht-resource/45764?w=3000&h=2000&t=156&r=3000&b=1690&l=0&o=w{2}cc{0,156,3000,1690} "
,Wanderlust,SilverYachts (Australia),100 000 000 $,Yim Leak (Cambodian real estate developer),Marshall Islands,2022,,85.3m,11m,"1,561",18 kn ,23 kn,SilverYachts (Australia) ,Espen Oeino International (Monaco),SilverYachts (Australia),144,https://www.burgessyachts.com/web/vb/crop/2119532/x_100_full.jpg?width=1096&format=webp&quality=60 
,Pacific X,Lürssen Yachts (Germany),150 000 000 $,Leonid Mikhelson (Russian billionaire),Malaysia,2010,,85.2m,16m,"2,959",15 kn,20 kn,Lürssen Yachts (Germany),German Frers (Argentina),Bannenberg & Rowell (United Kingdom),145,https://cdn.boatinternational.com/convert/images/20160905/2-71895l-2560x1440.jpg/r%5Bwidth%5D=1920/2-71895l-2560x1440.jpg 
,Meridian A,Lürssen Yachts (Germany),100 000 000 $,"Sergey Chemenov (Russian billionaire, close to Putin)",Saint Vincent and the Grenadines,2011,,85.1m,14.28m,"2,755",12.5 kn,17 kn,Lürssen Yachts (Germany),Espen Oeino International (Monaco),Reymond Langton Design (United Kingdom),146,https://cdn.boatinternational.com/convert/images/20160905/2-71883l-2560x1440.jpg/r%5Bwidth%5D=1920/2-71883l-2560x1440.jpg 
,Solandge,Lürssen Yachts (Germany),150 000 000 $,Prince Muqrin bin Abdulaziz of Saudi Arabia,Malta,2013,,85.1m,13.8m,"2,899",15 kn,17.5 kn,Lürssen Yachts (Germany),Espen Oeino International (Monaco),Aileen Rodriguez (USA),147,https://www.arthaudyachting.com/wp-content/uploads/2022/11/Yacht-charter-M-Y-SOLANDGE_17.jpg 
,Victorious,AKYACHT (Turkey),135 000 000 $,Vural Ak (Turkish entrepreneur and owner of AKYACHT),Cayman Islands,2021,,85m,14.2m,"2,291",14 kn ,16 kn,Marco Yachts (Chile),Michael Leach Design (United Kingdom),H2 Yacht Design (United Kingdom),148,https://cdn.boatinternational.com/convert/files/2022/06/37f2af80-eb08-11ec-b548-c77627c0e618-victorious-credit-Blueiprod-3.jpg/r%5Bwidth%5D=1920/37f2af80-eb08-11ec-b548-c77627c0e618-victorious-credit-Blueiprod-3.jpg 
,Eye,Lürssen Yachts (Germany),160 000 000 $,,Cayman Islands,2012,Completely rebuild in 2022 at MB92 yard,85m,14.5m,"2,732",14 kn ,16.5 kn,Lürssen Yachts (Germany),Winch Design (United Kingdom),Winch Design (United Kingdom)  ,149,https://cdn.boatinternational.com/files/2024/03/2cfa10c0-e780-11ee-8e40-3fa89c12dadb-eye-spotted.jpg 
,Gigia,Lürssen Yachts (Germany),200 000 000 $,,Cayman Islands,2017,,85m,14.8m,"2,850",15 kn,17 kn,Lürssen Yachts (Germany),Winch Design (United Kingdom),Winch Design (United Kingdom)  ,150,https://cdn.boatinternational.com/listing/2024/01/6818b510-b14a-11ee-9c78-9964a7286cc8-GIGIA-10248_Superyacht_For_Sale_Charter0001.jpg 
,O'Ptasia,Golden Yachts (Greece),100 000 000 $,Paris Dragnis (Greek owner and chairman of Golden Yachts shipyard),Malta,2018,,84.73m,13.8m,"2,342",12 kn,16 kn,Golden Yachts (Greece),Studio Vafiadis (Italy),Studio Vafiadis (Italy),151,https://www.burgessyachts.com/web/vb/crop/1534297/x_54_full.jpg?width=1200&format=webp&quality=60 
,Obsidian,Feadship (The Netherlands),180 000 000 $,Karel Komarek (Czech billionaire),Cayman Islands,2023,,84.2m,13.6m,"2,555",12 kn,17 kn,Feadship De Voogt Naval Architects (The Netherlands),Monk Design (Switzerland) and RWD (United Kingdom),Monk Design (Switzerland) and RWD (United Kingdom),152,https://cdn.boatinternational.com/files/2023/07/21e1ca00-1c9e-11ee-bc0b-37f0c81f97f1-obsidian%20underway.jpg 
,White Rabbit,Echo Yachts (Australia),100 000 000 $,Goh Chen Liang (Singapore-based billionaire),Cook Islands,2018,,84m,20m,"2,940",14 kn ,19 kn,One2Three (Australia),Sam Sorgiovanni (Australia),Sam Sorgiovanni (Australia),153,https://cdn.boatinternational.com/bi_prd/bi/library_images/L7UdGL1NRiCziSI87xXw_White%20Rabbit%20Higher%20Qtr.jpg 
,Savannah,Feadship (The Netherlands),140 000 000 $,"Lukas Lundin (Swedish-Canadian, died in 2022)",Marshall Islands,2015,,83.5m,12.5m,"2,250",,17 kn,Feadship De Voogt Naval Architects (The Netherlands),"Feadship De Voogt Naval Architects (The Netherlands), Cristina Gherardi Design (Italy)",Cristina Gherardi Design (Italy),154,https://upload.wikimedia.org/wikipedia/commons/e/e6/Large_yacht_Savannah_in_the_gulf_of_la_Spezia.jpg 
,Dannebrog,Danish Royal Dockyard (Denmark),,King Frederic X of Denmark,Denmark,1931,,83.21m,10.39m,"1,054",14 kn ,15 kn,Danish Royal Dockyard (Denmark),Danish Royal Dockyard (Denmark),Danish Royal Dockyard (Denmark),155,https://www.filepicker.io/api/file/R78ZZu2uQeSXCzgHHQXj 
,Sakura,Feadship (The Netherlands),,,Cayman Islands,2024,,82.9m,12.5m,"2,128",12 kn,15 kn,Feadship De Voogt Naval Architects (The Netherlands),,Sinot Yacht Architecture & Design (The Netherlands),156,https://cdn.boatinternational.com/convert/files/2024/08/892b90f0-50d3-11ef-aa33-8d365d08bf08-sakura-theyachtphoto.jpg/r%5Bwidth%5D=1920/892b90f0-50d3-11ef-aa33-8d365d08bf08-sakura-theyachtphoto.jpg 
,Gaia Blu,Orenstein & Koppel (Germany),,,Italy,1981,,82.9m,13m,"2,024",12 kn,19.8 kn,Orenstein & Koppel (Germany),Orenstein & Koppel (Germany),,157,https://cdn.boatinternational.com/convert/files/2023/03/46572760-bf27-11ed-b4ee-c79bdc7fd0c8-GAIA%20BLU-Orenstein%20%26%20Koppel.jpg/r%5Bwidth%5D=1920/46572760-bf27-11ed-b4ee-c79bdc7fd0c8-GAIA%20BLU-Orenstein%20%26%20Koppel.jpg 
,Talitha,Krupp Germaniawerft (Germany),50 000 000 $,Mark Getty (French-Irish founder of Getty Images),Bermuda,1930,,82.6m,10.36m,"1,103",13 kn ,14.6 kn,Cox & Stevens (USA),Cox & Stevens (USA),Jon Bannenberg (Australia/British),158,https://s3-eu-west-1.amazonaws.com/cilent-imports.bi.artirix.com/12310_100-talitha-yacht-exterior.jpg 
,Emir,Mitsubishi HI (Japan),60 000 000 $,Nidal Karameh (Nigerian),Greece,1985,,82.5m,11.58m,"1,810",15 kn,17 kn,Mitsubishi HI (Japan),Studio Vafiadis (Italy),Studio Vafiadis (Italy),159,https://cdn.boatinternational.com/convert/images/20160331/1-107315l-2560x1440.jpg/r%5Bwidth%5D=1920/1-107315l-2560x1440.jpg 
,Sea Pearl,Abeking & Rasmussen (Germany),110 000 000 $,Sri Prakash Lohia (Indian billionaire),Cayman Islands,2013,,82.48m,12.4m,"2,108",12 kn,13 kn,Abeking & Rasmussen (Germany),Sam Sorgiovanni (Australia),Jim Harris (USA),160,https://image.yachtcharterfleet.com/w1277/h618/qh/ca/m2/k2c1f9c1b/vessel/resource/1016595/charter-sea-pearl-yacht.jpg 
,RoMea,Abeking & Rasmussen (Germany),125 000 000 $,,Cayman Islands,2015,,82.4m,12.6m,"2,300",14 kn ,18 kn,Abeking & Rasmussen (Germany),Terence Disdale (United Kingdom),Terence Disdale (United Kingdom),161,https://upload.wikimedia.org/wikipedia/commons/thumb/6/6e/Yacht_Cape_Greco.jpg/1200px-Yacht_Cape_Greco.jpg 
,Kosatka,Blohm & Voss (Germany),100 000 000 $,Russian government (high chances that is Vladimir Putin yacht's),Russian Federation,2014,,82m,11m,"2,500",16 kn,18 kn,Agat Design Bureau (Russia),"Gresham Yacht Design (United Kingdom), H2 Yacht Design (United Kingdom)",H2 Yacht Design (United Kingdom),162,https://www.superyachtfan.com/wp-content/uploads/2020/11/yacht-Graceful-8.webp 
,Pure,Devonport (United Kingdom),65 000 000 $,Olivier Leclercq (French and son of Decathlon founder),Cayman Islands,2008,,82m,15m,"3,200",14 kn ,16.5 kn,"Burness Corlett (United Kingdom), Three Quays Marine (United Kingdom)",Winch Design (United Kingdom),Winch Design (United Kingdom)  ,163,https://image.yachtcharterfleet.com/w1277/h618/qh/ca/m2/k25b42e85/vessel/resource/637/charter-pure-yacht.jpg 
,Basrah Breeze,Helsingor Vaerft (Denmark),Abandoned ship,Previous yacht of Saddam Hussein ,Iraq,1981,,82m,13.02m,"2,282",16 kn ,19.3 kn,Helsingor Vaerft (Denmark),Helsingor Vaerft (Denmark),Helsingor Vaerft (Denmark),164,https://cdn.boatinternational.com/convert/files/2021/06/10fdfbd0-d35a-11eb-922c-a95d91958631-saddam-hussein-yacht-2.jpg/r%5Bwidth%5D=1920/10fdfbd0-d35a-11eb-922c-a95d91958631-saddam-hussein-yacht-2.jpg 
,Ilona,Amels (The Netherlands),100 000 000 $,Frank Lowy (Founder of Westfield Corporation),Cayman Islands,2003,Refit done at Amels yard in 2016,82m,12.1m,"1,836",13 kn ,19 kn,Amels (The Netherlands) ,RWD (United Kingdom),RWD (United Kingdom),165,https://cdn.boatinternational.com/convert/images/20160421/1-110705l-2560x1440.jpg/r%5Bwidth%5D=1920/1-110705l-2560x1440.jpg 
,Haven ,Lürssen Yachts (Germany),150 000 000 $,US billionaire,Marshall Islands,2024,,82m,12.5m,"2,115",11 kn,13.5 kn,Lürssen Yachts (Germany),Lürssen Yachts (Germany),RWD (United Kingdom),166,https://cdn.boatinternational.com/convert/files/2024/02/f5ec0970-d579-11ee-925e-b78e9299e81c-cali-yacht-2.jpg/r%5Bwidth%5D=1920/f5ec0970-d579-11ee-925e-b78e9299e81c-cali-yacht-2.jpg 
,Grace,Abeking & Rasmussen (Germany),140 000 000 $,John Reece (British billionaire),Cayman Islands,2014,,81.8m,12.6m,"2,300",12 kn,16.5 kn,Abeking & Rasmussen (Germany),Terence Disdale (United Kingdom),Terence Disdale (United Kingdom),167,https://image.yachtbuyer.com/w1210/h694/qh/ca/k4ab84160/vessel/resource/2123996/grace-yacht-abeking-and-rasmussen.jpg 
,Alfa Nero,Oceanco (The Netherlands),120 000 000 $ ,Andrey Guryev (Russian oligarch),Malta,2007,,81.27m,14.2m,"2,159",17 kn,20 kn,"Oceanco (The Netherlands),  Azure Yacht Design and Naval Architecture (The Netherlands)",Nuvolari Lenard (Italy),Alberto Pinto (France),168,"https://images.charterindex.com/527d9134-fab1-4b49-9bc9-e1ad4d025af3.jpg?auto=format,compress&q=50&lossless=true "
,Air,Feadship (The Netherlands),120 000 000 $ ,Augusto Perfetti (Italian),Malta,2011,,81m,14m,"1,893",15 kn,17.5 kn,Feadship De Voogt Naval Architects (The Netherlands),Feadship De Voogt Naval Architects (The Netherlands),Rémi Tessier (France),169,https://www.superyachtfan.com/wp-content/uploads/2020/10/yacht-Air-81m-Feadship-10.webp 
,Sea Eagle,Royal Huisman (The Netherlands),100 000 000 $,Dr Samuel Yin (Taiwainese billionaire),Cayman Islands,2020,,81m,12m,"1,150",12.5 kn,22 kn,Dykstra Naval Architects (The Netherlands),"Mark Whiteley (United Kingdom),  Dykstra Naval Architects (The Netherlands)",Mark Whiteley (United Kingdom),170,https://www.barchemagazine.com/wp-content/uploads/2023/12/Sea-Eagle-II-by-Royal-Huisman.jpg 
,Bart Roberts ,Canadian Vickers (Canada),30 000 000 $,Royal Family of Dubai,Cayman Islands,1963,,80.77m,12.8m,"1,960",11 kn,13 kn,Canadian Vickers (Canada),Lennart Edstrom (Sweden),"Karen Bamford, Tradepower International (USA)",171,https://www.superyachtfan.com/wp-content/uploads/2021/03/yacht-Bart-Roberts-Canadian-Vickers-1963-Royal-Family-of-Dubai-7-1024x622.webp 
,Norge,Camper & Nicholsons (United Kingdom),50 000 000 $,King Harald of Norway,Norway,1937,,80.16m,11.58m,"1,628",14 kn ,17 kn,Charles E. Nicholson (United Kingdom),Charles E. Nicholson (United Kingdom),Finn Nilsson (Sweden),172,"https://i6.superyachts.com/yacht-resource/1448?w=1600&h=1200&t=73&r=1600&b=901&l=0&o=w{2}cc{0,73,1600,901} "
,Grand Ocean,Blohm & Voss (Germany),60 000 000 $,,Bermuda,1990,,80.15m,12.8m,"1,855",16 kn,18 kn,"J.F. Platou (Norway), Blohm & Voss (Germany)","J.F. Platou (Norway), Amble Associates ",Alberto Pinto (France),173,https://photos.superyachtapi.com/download/4841/large 
,Wingman,Damen Yachting (The Netherlands) but boat built in UAE,100 000 000 $,Mark Zuckerberg (American),Marshall Islands,2022,,80.1m,16.2m,"3,435",11 kn,13.5 kn,"Damen Yachting (The Netherlands), Azure Yacht Design & Naval Architecture (The Netherlands)","Damen Yachting (The Netherlands), Tam Elder Design (Australia), Azure Yacht Design & Naval Architecture (The Netherlands)",Damen Yachting (The Netherlands),174,https://www.burgessyachts.com/media-library/media/burgess/yachts/u-81%2010002559/u-81-original-f607b6bd-33a1-44fd-abc3-c6762d3c216a.jpeg?format=webp&quality=60&v=202504241515 
,My Genesis,Heesen Yachts (The Netherlands),,,Cayman Islands,2023,,80.07m,13.4m,"1,700",22 kn ,29 kn,Van Oossanen Naval Architects (The Netherlands),Winch Design (United Kingdom),Sinot Yacht Architecture & Design (The Netherlands),175,https://image.yachtcharterfleet.com/w1200/h779/qh/ca/keb535ba9/vessel/resource/2390137/charter-genesis-yacht-1.jpg 
,Elements ,Yachtley (Turkey),125 000 000 $,Fahad al Athel (Saudi Arabia),Malta,2019,,80m,12.8m,"2,443",17 kn,18.4 kn,"Yachtley (Turkey), Alpha Marine (Greece)",Alpha Marine (Greece),Cristiano Gatto Design (Italy),176,https://image.yachtcharterfleet.com/w1277/h618/qh/ca/m2/k005745de/vessel/resource/2412286/charter-elements-yacht.jpg 
,Yasmine of the sea,Oceanco (The Netherlands),100 000 000 $,,Bahamas,2001,,80m,13m,"1,723",20 kn,24 kn,Oceanco (The Netherlands),The A Group (Monaco),"The A Group (Monaco), Camillo Costantini (Italy)",177,https://upload.wikimedia.org/wikipedia/commons/b/bf/Stargate.JPG 
,Constellation,Oceanco (The Netherlands),100 000 000 $,,Qatar,1999,,80m,13.02m,"1,709",20 kn,24 kn,Oceanco (The Netherlands),The A Group (Monaco),"The A Group (Monaco), Jean-Pierre Fantini (France)",178,"https://i6.superyachts.com/yacht-resource/1401?w=750&h=500&t=76&r=750&b=423&l=0&o=w{2}cc{0,76,750,423} "
,Batello,Oceanco (The Netherlands),80 000 000 $,US owner,Marshall Islands,2007,,80m,14.2m,"2,310",16 kn,20 kn,"Oceanco (The Netherlands),  Azure Yacht Design and Naval Architecture (The Netherlands)",Nuvolari Lenard (Italy),Alberto Pinto (France),179,https://cdn.boatinternational.com/convert/files/2025/04/0d1bb600-0efd-11f0-b53b-556b40adb8e1-batello-refit-4.jpg/r%5Bwidth%5D=1920/0d1bb600-0efd-11f0-b53b-556b40adb8e1-batello-refit-4.jpg 
,Artefact,Nobiskrug (Germany),150 000 000 $,Mike Lazaridis (BlackBerry founder and Canadian),Marshall Islands,2020,,80m,16.82m,"2,999",12 kn,17.5 kn,Nobiskrug (Germany)  ,Gregory C. Marshall (Canada),Reymond Langton Design (United Kingdom),180,https://cdn.boatinternational.com/files/2021/05/902ee990-bf29-11eb-a38c-6f720ff20a6d-artefact-wsa.jpg 
,Chopi Chopi,CRN (Italy),125 000 000 $,Taha Mikati (Lebanese billionaire),Cayman Islands,2013,,80m,13.5m,"2,363",12 kn,15 kn,CRN (Italy),Zuccon International Project (Italy),Laura Sessa Design (Italy),181,https://frg-fwm.azurewebsites.net/asset/fwm/Upload/Models/Images/PhotoGallery/CRN/ZOOM/77132.jpg 
,Leona,Bilgin (Turkey),60 000 000 $,Member of Saudi Royal Family,Cayman Islands,2023,,80m,12.25m,"1,722",15 kn,19 kn,Unique Yacht Design (Turkey),Unique Yacht Design (Turkey),H2 Yacht Design (United Kingdom),182,https://cdn.boatinternational.com/files/2023/08/463b7e80-36c7-11ee-a664-750baffd3c6a-leona%20credit%20eray%20altay.jpg 
,Tatiana,Bilgin (Turkey),100 000 000 $,Shapoor Mistry (Indian),Cook Islands,2021,,80m,12.2m,"1,689",15 kn,20 kn,Unique Yacht Design (Turkey),Unique Yacht Design (Turkey),H2 Yacht Design (United Kingdom),183,https://cdn.boatinternational.com/convert/files/2020/08/7dd9af90-de11-11ea-ae0b-750b7d88fab7-Tatiana-yacht-Bilgin-2.jpg/r%5Bwidth%5D=1920/7dd9af90-de11-11ea-ae0b-750b7d88fab7-Tatiana-yacht-Bilgin-2.jpg 
